config_reg_2,0100,0x600008,0x00000220
config_reg_2,0100,0x600008,0x00000220
config_reg_2,0100,0x600008,0x00000220
config_reg_2,0100,0x600008,0x00000220
config_reg_2,0100,0x600008,0x00000220
// PHY_PCS_CMN
phy_pll_cfg,0001,0x20C00E,0x0000
// PHY_PCS_L0
// PHY_PMA_CMN
phy_pma_cmn_ctrl,0001,0x20E000,0x3040
// PHY_PMA_L0
// PMA_CMN
cmn_cdbpwriso_ovrd_preg,0001,0x200023,0x413B
cmn_plllc_fbdiv_int_mode0_preg,0001,0x200043,0x0021
cmn_plllc_lf_coeff_mode0_preg,0001,0x20004A,0x2106
cmn_plllc_locksearch_preg,0001,0x20004C,0x0000
cmn_plllc_clk1_preg,0001,0x20004D,0x101C
cmn_plllc_clk0_preg,0001,0x20004E,0x8102
cmn_plllc_bwcal_mode0_preg,0001,0x200050,0x0000
cmn_plllc_avdd_preg,0001,0x20005A,0x0CDB
cmn_plllcsm_pllen_tmr_preg,0001,0x20005D,0x0027
cmn_plllcsm_pllpre_tmr_preg,0001,0x20005E,0x0062
cmn_plllc_ss_time_stepsize_mode_preg,0001,0x200062,0x0800
sdosccal_clk_cnt_preg,0001,0x20006E,0x0180
cmn_refrcv_preg,0001,0x200098,0x6100
cmn_rescal_ctrla_preg,0001,0x2000A0,0x0031
cmn_refrcv1_preg,0001,0x2000B8,0x6100
cmn_plllc1_gen_preg,0001,0x2000C2,0x0002
cmn_plllc1_fbdiv_int_mode0_preg,0001,0x2000C3,0x0020
cmn_plllc1_lf_coeff_mode0_preg,0001,0x2000CA,0x2106
cmn_plllc1_locksearch_preg,0001,0x2000CC,0x0000
cmn_plllc1_clk1_preg,0001,0x2000CD,0x101C
cmn_plllc1_bwcal_mode0_preg,0001,0x2000D0,0x0000
cmn_plllc1_avdd_preg,0001,0x2000DA,0x0CDB
cmn_plllcsm1_pllen_tmr_preg,0001,0x2000DD,0x0027
cmn_plllcsm1_pllpre_tmr_preg,0001,0x2000DE,0x0062
cmn_plllc1_ss_time_stepsize_mode_preg,0001,0x2000E2,0x0800
// PMA_L0
det_standec_a_preg,0001,0x204000,0xFD09
det_standec_b_preg,0001,0x204001,0x000D
det_standec_c_preg,0001,0x204002,0x00A2
det_standec_d_preg,0001,0x204003,0x691E
det_standec_e_preg,0001,0x204004,0x0291
pllctrl_fast_lock_opt2a_ref_cnt,0001,0x204006,0x8880
psc_rx_a0_def_preg,0001,0x204030,0x0FFE
pllctrl_fbdiv_mode01_preg,0001,0x204039,0x0102
pllctrl_subrate_preg,0001,0x20403A,0x0010
pllctrl_gen_d_preg,0001,0x20403E,0x0104
pllctrl_cpgain_mode_preg,0001,0x20403F,0x5231
dfe_biastrim_preg,0001,0x20404C,0x0D33
drvctrl_atten_preg,0001,0x20406A,0x0000
drvctrl_boost_preg,0001,0x20406F,0x9000
rx_creq_fltr_a_mode0_preg,0001,0x204088,0x808B
creq_cclkdet_mode01_preg,0001,0x20408E,0x3C7F
creq_fsmclk_sel_preg,0001,0x204092,0x3233
creq_eq_ctrl_preg,0001,0x204093,0x0102
deq_blk_tau_ctrl1_preg,0001,0x2040AC,0x6A6A
deq_blk_tau_ctrl2_preg,0001,0x2040AD,0x0080
deq_blk_tau_ctrl4_preg,0001,0x2040AF,0x1C08
dfe_ecmp_ratesel_preg,0001,0x2040C0,0x4112
dfe_smp_ratesel_preg,0001,0x2040C1,0x4112
deq_concur_ctrl1_preg,0001,0x2040C8,0x0028
deq_errcmp_ctrl_preg,0001,0x2040D0,0x3E3E
deq_vga_ratesel_preg,0001,0x2040E1,0x3102
datgain_init_mode10_preg,0001,0x2040E3,0x2B1F
deq_vgalut_addr,0001,0x2040E8,0x0000
deq_vgalut_data,0001,0x2040E9,0x0E01
deq_vgalut_addr_1,0001,0x2040E8,0x0001
deq_vgalut_data_1,0001,0x2040E9,0x0C02
deq_vgalut_addr_2,0001,0x2040E8,0x0002
deq_vgalut_data_2,0001,0x2040E9,0x0A03
deq_vgalut_addr_3,0001,0x2040E8,0x0003
deq_vgalut_data_3,0001,0x2040E9,0x0804
deq_vgalut_addr_4,0001,0x2040E8,0x0004
deq_vgalut_data_4,0001,0x2040E9,0x0805
deq_vgalut_addr_5,0001,0x2040E8,0x0005
deq_vgalut_data_5,0001,0x2040E9,0x0806
deq_vgalut_addr_6,0001,0x2040E8,0x0006
deq_vgalut_data_6,0001,0x2040E9,0x0807
deq_vgalut_addr_7,0001,0x2040E8,0x0007
deq_vgalut_data_7,0001,0x2040E9,0x0808
deq_vgalut_addr_8,0001,0x2040E8,0x0008
deq_vgalut_data_8,0001,0x2040E9,0x0809
deq_vgalut_addr_9,0001,0x2040E8,0x0009
deq_vgalut_data_9,0001,0x2040E9,0x080A
deq_vgalut_addr_10,0001,0x2040E8,0x000A
deq_vgalut_data_10,0001,0x2040E9,0x080B
deq_vgalut_addr_11,0001,0x2040E8,0x000B
deq_vgalut_data_11,0001,0x2040E9,0x080C
deq_vgalut_addr_12,0001,0x2040E8,0x000C
deq_vgalut_data_12,0001,0x2040E9,0x080D
deq_vgalut_addr_13,0001,0x2040E8,0x000D
deq_vgalut_data_13,0001,0x2040E9,0x090D
deq_vgalut_addr_14,0001,0x2040E8,0x000E
deq_vgalut_data_14,0001,0x2040E9,0x090E
deq_vgalut_addr_15,0001,0x2040E8,0x000F
deq_vgalut_data_15,0001,0x2040E9,0x0A0F
deq_vgalut_addr_16,0001,0x2040E8,0x0010
deq_vgalut_data_16,0001,0x2040E9,0x0A10
deq_vgalut_addr_17,0001,0x2040E8,0x0011
deq_vgalut_data_17,0001,0x2040E9,0x0B10
deq_vgalut_addr_18,0001,0x2040E8,0x0012
deq_vgalut_data_18,0001,0x2040E9,0x0B11
deq_vgalut_addr_19,0001,0x2040E8,0x0013
deq_vgalut_data_19,0001,0x2040E9,0x0C12
deq_vgalut_addr_20,0001,0x2040E8,0x0014
deq_vgalut_data_20,0001,0x2040E9,0x0C13
deq_vgalut_addr_21,0001,0x2040E8,0x0015
deq_vgalut_data_21,0001,0x2040E9,0x0D13
deq_vgalut_addr_22,0001,0x2040E8,0x0016
deq_vgalut_data_22,0001,0x2040E9,0x0D14
deq_vgalut_addr_23,0001,0x2040E8,0x0017
deq_vgalut_data_23,0001,0x2040E9,0x0E15
deq_vgalut_addr_24,0001,0x2040E8,0x0018
deq_vgalut_data_24,0001,0x2040E9,0x0E16
deq_vgalut_addr_25,0001,0x2040E8,0x0019
deq_vgalut_data_25,0001,0x2040E9,0x0F16
deq_vgalut_addr_26,0001,0x2040E8,0x001A
deq_vgalut_data_26,0001,0x2040E9,0x0F17
deq_vgalut_addr_27,0001,0x2040E8,0x001B
deq_vgalut_data_27,0001,0x2040E9,0x1018
deq_vgalut_addr_28,0001,0x2040E8,0x001C
deq_vgalut_data_28,0001,0x2040E9,0x1019
deq_vgalut_addr_29,0001,0x2040E8,0x001D
deq_vgalut_data_29,0001,0x2040E9,0x1119
deq_vgalut_addr_30,0001,0x2040E8,0x001E
deq_vgalut_data_30,0001,0x2040E9,0x111A
deq_vgalut_addr_31,0001,0x2040E8,0x001F
deq_vgalut_data_31,0001,0x2040E9,0x121B
deq_vgalut_addr_32,0001,0x2040E8,0x0020
deq_vgalut_data_32,0001,0x2040E9,0x121C
deq_vgalut_addr_33,0001,0x2040E8,0x0021
deq_vgalut_data_33,0001,0x2040E9,0x131C
deq_vgalut_addr_34,0001,0x2040E8,0x0022
deq_vgalut_data_34,0001,0x2040E9,0x131D
deq_vgalut_addr_35,0001,0x2040E8,0x0023
deq_vgalut_data_35,0001,0x2040E9,0x141E
deq_vgalut_addr_36,0001,0x2040E8,0x0024
deq_vgalut_data_36,0001,0x2040E9,0x141F
deq_vgalut_addr_37,0001,0x2040E8,0x0025
deq_vgalut_data_37,0001,0x2040E9,0x151F
deq_vgalut_addr_38,0001,0x2040E8,0x0026
deq_vgalut_data_38,0001,0x2040E9,0x1520
deq_vgalut_addr_39,0001,0x2040E8,0x0027
deq_vgalut_data_39,0001,0x2040E9,0x1621
deq_vgalut_addr_40,0001,0x2040E8,0x0028
deq_vgalut_data_40,0001,0x2040E9,0x1721
deq_vgalut_addr_41,0001,0x2040E8,0x0029
deq_vgalut_data_41,0001,0x2040E9,0x1822
deq_vgalut_addr_42,0001,0x2040E8,0x002A
deq_vgalut_data_42,0001,0x2040E9,0x1922
deq_vgalut_addr_43,0001,0x2040E8,0x002B
deq_vgalut_data_43,0001,0x2040E9,0x1A23
deq_vgalut_addr_44,0001,0x2040E8,0x002C
deq_vgalut_data_44,0001,0x2040E9,0x1B23
deq_vgalut_addr_45,0001,0x2040E8,0x002D
deq_vgalut_data_45,0001,0x2040E9,0x1B24
deq_vgalut_addr_46,0001,0x2040E8,0x002E
deq_vgalut_data_46,0001,0x2040E9,0x1B25
deq_vgalut_addr_47,0001,0x2040E8,0x002F
deq_vgalut_data_47,0001,0x2040E9,0x1B26
deq_vgalut_addr_48,0001,0x2040E8,0x0030
deq_vgalut_data_48,0001,0x2040E9,0x1B27
deq_vgalut_addr_49,0001,0x2040E8,0x0031
deq_vgalut_data_49,0001,0x2040E9,0x1B28
deq_vgalut_addr_50,0001,0x2040E8,0x0032
deq_vgalut_data_50,0001,0x2040E9,0x1B29
deq_vgalut_addr_51,0001,0x2040E8,0x0033
deq_vgalut_data_51,0001,0x2040E9,0x1B29
deq_vgalut_addr_52,0001,0x2040E8,0x0034
deq_vgalut_data_52,0001,0x2040E9,0x1B2A
deq_vgalut_addr_53,0001,0x2040E8,0x0035
deq_vgalut_data_53,0001,0x2040E9,0x1B2C
deq_vgalut_addr_54,0001,0x2040E8,0x0036
deq_vgalut_data_54,0001,0x2040E9,0x1B2D
deq_vgalut_addr_55,0001,0x2040E8,0x0037
deq_vgalut_data_55,0001,0x2040E9,0x1B2E
deq_vgalut_addr_56,0001,0x2040E8,0x0038
deq_vgalut_data_56,0001,0x2040E9,0x1B2F
deq_vgalut_addr_57,0001,0x2040E8,0x0039
deq_vgalut_data_57,0001,0x2040E9,0x1B30
deq_vgalut_addr_58,0001,0x2040E8,0x003A
deq_vgalut_data_58,0001,0x2040E9,0x1B31
deq_vgalut_addr_59,0001,0x2040E8,0x003B
deq_vgalut_data_59,0001,0x2040E9,0x1B32
deq_vgalut_addr_60,0001,0x2040E8,0x003C
deq_vgalut_data_60,0001,0x2040E9,0x1B33
deq_vgalut_addr_61,0001,0x2040E8,0x003D
deq_vgalut_data_61,0001,0x2040E9,0x1B34
deq_vgalut_addr_62,0001,0x2040E8,0x003E
deq_vgalut_data_62,0001,0x2040E9,0x1B35
deq_vgalut_addr_63,0001,0x2040E8,0x003F
deq_vgalut_data_63,0001,0x2040E9,0x1B36
seq_blanking_ctrl_preg,0001,0x2040EA,0x0450
eoffcal_en_phctrl_preg,0001,0x2040F5,0x1561
phalign_en_ctrl_preg,0001,0x2040F8,0x1561
postprecur_en_ceph_ctrl_preg,0001,0x2040F9,0x0808
rxtrain_cmplte_en_tau_delta_acqsel_ctrl_preg,0001,0x2040FA,0x00B0
tau_en_ceph2to0_preg,0001,0x2040FB,0x0126
tau_en_ceph5to3_preg,0001,0x2040FC,0x01B6
txfe_cmpltestatus_en_ceph_ctrl_preg,0001,0x2040FD,0x0408
concur_time_ceph2to0_preg,0001,0x2040FF,0x0333
concur_time_ceph5to3_preg,0001,0x204100,0x0738
datdfe_tap0_thresh_ceph2to0_preg,0001,0x204101,0x0777
datdfe_tap0_thresh_ceph5to3_preg,0001,0x204102,0x0BCC
datdfe_tap1_thresh_ceph2to0_preg,0001,0x204103,0x0888
datdfe_tap1_thresh_ceph5to3_preg,0001,0x204104,0x0CDD
datdfe_tap2_thresh_ceph2to0_preg,0001,0x204105,0x0888
datdfe_tap2_thresh_ceph5to3_preg,0001,0x204106,0x0CDD
datdfe_tap3_thresh_ceph2to0_preg,0001,0x204107,0x0888
datdfe_tap3_thresh_ceph5to3_preg,0001,0x204108,0x0CDD
datdfe_tap4_thresh_ceph2to0_preg,0001,0x204109,0x0888
datdfe_tap4_thresh_ceph5to3_preg,0001,0x20410A,0x0CDD
datgain_thresh_ceph0to2_preg,0001,0x20410B,0x0599
datgain_thresh_ceph3to5_preg,0001,0x20410C,0x0DEE
datoff_thresh_ceph0to2_preg,0001,0x20410E,0x0599
datoff_thresh_ceph3to5_preg,0001,0x20410F,0x0DEE
phase_iter_ceph_23_preg,0001,0x204111,0xFFFF
tau_ecmp_vth_ceph_45_preg,0001,0x204118,0x0000
tau_error_thresh_ceph_1_preg,0001,0x20411B,0x000F
tau_error_thresh_ceph_2_preg,0001,0x20411C,0x0024
tau_error_thresh_ceph_3_preg,0001,0x20411D,0x0024
tau_error_thresh_ceph_4_preg,0001,0x20411E,0x01FF
tau_max_error_hyst_sel_preg,0001,0x204121,0x001F
tau_time_ceph_012_preg,0001,0x204122,0x1CE7
tau_time_ceph_345_preg,0001,0x204123,0x1D67
datpeak_en_ceph_preg,0001,0x204125,0x001F
vga_lutmode_sel_ceph_preg,0001,0x204126,0x4000
deq_tau_ctrl2_preg,0001,0x204151,0x2008
deq_tau_ctrl6_preg,0001,0x204155,0x003F
deq_tau_epioffset_mode_preg,0001,0x204158,0x0E2F
deq_concur_epioffset_mode_preg,0001,0x204159,0x1129
deq_pictrl_preg,0001,0x204161,0x0023
cpical_tmrval_mode0_preg,0001,0x204171,0x0400
cpical_picnt_mode0_preg,0001,0x204175,0x01FF
cpi_outbuf_ratesel_preg,0001,0x20417C,0x00D6
ln_spare_reg_preg,0001,0x2041B0,0x911E
datpeak_thresh_hi_ceph_0_preg,0001,0x2041D8,0x7FFF
datpeak_thresh_hi_ceph_1_preg,0001,0x2041D9,0x0028
datpeak_thresh_hi_ceph_2_preg,0001,0x2041DA,0x0028
datpeak_thresh_hi_ceph_3_preg,0001,0x2041DB,0x0028
datpeak_thresh_hi_ceph_4_preg,0001,0x2041DC,0x7FFF
datpeak_thresh_hi_ceph_5_preg,0001,0x2041DD,0x000F
datpeak_thresh_lo_ceph_0_preg,0001,0x2041DE,0x7FC3
datpeak_thresh_lo_ceph_1_preg,0001,0x2041DF,0x7FC3
datpeak_thresh_lo_ceph_2_preg,0001,0x2041E0,0x7FC3
datpeak_thresh_lo_ceph_3_preg,0001,0x2041E1,0x7FC3
datpeak_thresh_lo_ceph_4_preg,0001,0x2041E2,0x7F81
datpeak_thresh_lo_ceph_5_preg,0001,0x2041E3,0x7FF1
datpeak_scaling_tap_ceph_0_preg,0001,0x2041E4,0x0000
datpeak_scaling_tap_ceph_1_preg,0001,0x2041E5,0x1092
datpeak_scaling_tap_ceph_2_preg,0001,0x2041E6,0x1092
datpeak_scaling_tap_ceph_3_preg,0001,0x2041E7,0x1092
datpeak_scaling_tap_ceph_4_preg,0001,0x2041E8,0x1000
// PIPE_CONFIG_CMN
config_reg_2,0100,0x600008,0x00000220
// PIPE_CONFIG_L0
config_reg_3,0100,0x60000C,0x01000000
config_reg_4,0100,0x600010,0x000000F0
// STD_PCS_L0
config_reg_0,0100,0xC00500,0x00010040
config_reg_1,0100,0xC00504,0x03002000
// PIPE_CONFIG_L1
config_reg_6,0100,0x600018,0x00000031
// PIPE_CONFIG_L2
config_reg_8,0100,0x600020,0x00000032
// PIPE_CONFIG_L3
config_reg_10,0100,0x600028,0x00000033
// 10G_PCS_L0
control_register,0100,0xC00000,0x00311006
